feature,SHAP_Importance
Tool wear [min],0.3030366323814843
Process temperature [K],0.29103115551689795
Rotational speed [rpm],0.19824718202840697
Torque [Nm],0.08847176037015146
Air temperature [K],0.02763300033891574
UDI,0.017800366534609344
