feature,SHAP_Importance
Tool wear [min],0.528410930177425
Rotational speed [rpm],0.1501408399669108
Torque [Nm],0.09592983089868612
Process temperature [K],0.03961405363199843
UDI,0.03771477291638204
Air temperature [K],0.012987741744111403
