feature,SHAP_Importance
Tool wear [min],0.36317172682829874
Torque [Nm],0.2916565667709066
Rotational speed [rpm],0.1390762276012279
Process temperature [K],0.11790531477293092
Air temperature [K],0.09651795772660307
UDI,0.04560788372335247
