feature,SHAP_Importance
Tool wear [min],0.39881468434865247
Rotational speed [rpm],0.19770417345010435
Process temperature [K],0.16464378982764913
Air temperature [K],0.13460714439437585
Torque [Nm],0.01877778106825658
UDI,0.014419241437173928
