feature,SHAP_Importance
Torque [Nm],0.5587277334567705
Rotational speed [rpm],0.3561109190348257
Tool wear [min],0.20591965929273023
Process temperature [K],0.060329743105835866
UDI,0.0325669698989826
Air temperature [K],0.030430894621534605
