feature,SHAP_Importance
Torque [Nm],0.3578571052783796
Air temperature [K],0.2798662198505327
Process temperature [K],0.2408849834219264
Rotational speed [rpm],0.06584325652383896
UDI,0.016698274063582208
Tool wear [min],0.006548954773585001
