feature,SHAP_Importance
Tool wear [min],0.565640194023052
Rotational speed [rpm],0.3750863229231708
Torque [Nm],0.32149116779297765
Air temperature [K],0.07194683621604202
Process temperature [K],0.058106310549859284
UDI,0.033726509349452656
