feature,SHAP_Importance
Tool wear [min],0.5068212816069757
Torque [Nm],0.06936448938009389
UDI,0.06464874989668833
Process temperature [K],0.05379984579232209
Rotational speed [rpm],0.031932518940646235
Air temperature [K],0.025689265248107714
